"Path","Length","SHA256"
"depot\packages\microsoft.office.collateral.ststest.1.0.1\MySite\MyDocuments\UploadDoc.docx","12860","B7042B06C30AB4C013DF1CF8C2ED2C07BEA5827FFE81FFA5DA961122C3E29758"
"Export-OtsOtl.ps1","3110","C7EE476453709F7BD37924B381A9830B9BBE5DAAA4BF2712AEA8880A27AB5F6D"
"Run-SocialSPHomeBatch.ps1","8269","1BFD40BE089D722D171A4D0D795DF9EAD4983F9D0715A8E82ED6E27BAFAA9415"
"scenarios\Social_Add_an_alert.scn","3014","63C4EA704F70C9B4A58F4A1FD98776890BA40DFB52CF03EC65E81B50E16BB610"
"scenarios\Social_Delete_alerts.scn","3354","D152E7BBBB4F3FE0CA7FF65F9597E34FEE1939ACD0AD4BAD48BDB6388A93E54F"
"scenarios\Social_Edit_profile_basic_partial.scn","4084","C846FA34481D867E3B07FD7D910B1B2B354FDD11224FAEA19AF4601C342054F6"
"scenarios\Social_Follow_document.scn","5184","743C9182B4EC91F4FB28122D700C7121F390CC08450A11F9934F2370818A9D55"
"scenarios\Social_Follow_people.scn","3737","339D539786254A3ACC1DB803AF9F872A460E8BA95279A61591F77755934E9DBA"
"scenarios\Social_Follow_site.scn","3668","CB1A94A2217DC9A248AB05C65150F9D6AA905F9414A57670030C75B023B582ED"
"scenarios\Social_Manage_alert.scn","3012","942AFB77DEE15928BDCAD73D8F2FF2F1438776ECF00C405BD575553DB2BCD8E3"
"scenarios\Social_Navigate_to_personal_site.scn","3702","8A66A450B9694277E6A607498D32696E9CC066E36BF150D5B577DEF03C8E0DEC"
"scenarios\Social_Newsfeed_settings_partial.scn","4435","84B06CE340DF7A4AF05B75B45D9762F57D9BBCFF5A03F54D9893E93069E0E189"
"scenarios\Social_Unfollow_document.scn","5176","C192A7C447DC6D1B64F0E29F691C2179128D5C27B972070B7E3A079F1254CB41"
"scenarios\Social_Unfollow_people.scn","3727","471B7337B12DEFA2388F8670E41F081181EC60A6EA50F830C681E9FFD563CC4C"
"scenarios\Social_Unfollow_site.scn","3878","DBF51D83D9C6909F9E2C862D217A573F62BA60D3C555F199FE810226D36A2CAD"
"scenarios\SPHome_Add_a_link.scn","3647","EF92ED0527AA82CD4299854B8805D173B3172D99E3357EDB2136DA0312FBBD64"
"scenarios\SPHome_Create_Communication_site_OM_partial.scn","2339","97E30D63AAE57202CEDD0B7C47BA78886038F5BA905871F774594CECAAB67FAE"
"scenarios\SPHome_Create_Team_site_OM_partial.scn","2311","9C1519F2307FE7B583DC79E93396F8DA42A3A7B2CAFF4992A1DA0472BA9661C7"
"scenarios\SPHome_Delete_a_link.scn","3653","4D98AB170AC184A0E2B502E79B3EFA819BDBAEECBC3D6B941E9A72BE5A7E31B5"
"scenarios\SPHome_Edit_a_link.scn","3832","6C84FA3ED5F4CBEAED1B42D91BE1589A58009617BFB7D9685A1FFE2F70B6D947"
"scenarios\SPHome_Follow_a_site.scn","3694","BAC67388BA5F379F5625C9BFB224CA8801318540FD7067191E80A1A49E79E504"
"scenarios\SPHome_Unfollow_a_site.scn","3921","5FA7238AC66EE81078A443080CF8295F8A3748FEC866C8E6ACAEAB4EA80D4242"
"scenarios\SPHome_View_news_from_site_OM_partial.scn","2308","C5FDC11E8EF4AFC95A373ED4595BC195F7E589C7C6F35359952A3DC4F9BE0C86"
